{
  "metadata": {
    "n_timeframes": 6,
    "n_features": 6,
    "feature_names": [
      "open",
      "high",
      "low",
      "close",
      "delta_close",
      "body_ratio"
    ],
    "normalization_method": "zscore",
    "split": "train_only"
  },
  "timeframes": {
    "m1": {
      "mean": [
        123.05945880014575,
        123.06932244763698,
        123.0496069456692,
        123.05952711652756,
        8.902582802363113e-05,
        51.91003837536497
      ],
      "std": [
        17.621716928425194,
        17.624719266187345,
        17.61866552660742,
        17.621728097869454,
        0.0606474371901064,
        30.611956390755903
      ],
      "n_samples": 310438
    },
    "m5": {
      "mean": [
        122.96477223341422,
        122.98884306945651,
        122.9406587942321,
        122.96497573238995,
        0.00043388265896870595,
        48.0509950452523
      ],
      "std": [
        17.60282918414453,
        17.609875449358174,
        17.59545698909154,
        17.602874080738697,
        0.13431919556727398,
        27.412714724797954
      ],
      "n_samples": 63047
    },
    "m15": {
      "mean": [
        122.75057689931995,
        122.79282881170735,
        122.70706637525561,
        122.75074571197798,
        0.0013042238798878696,
        45.874708355552634
      ],
      "std": [
        17.467001050807262,
        17.47999103254485,
        17.45360254417281,
        17.46719471939828,
        0.2335500501713213,
        26.42143757587501
      ],
      "n_samples": 21047
    },
    "m30": {
      "mean": [
        122.70639562945375,
        122.76668266033234,
        122.64164342042763,
        122.70569168646101,
        0.00261643705463183,
        45.21559890807123
      ],
      "std": [
        17.474661953122972,
        17.49321697585064,
        17.453036565417516,
        17.474431212552687,
        0.32582024167720575,
        25.89351992425047
      ],
      "n_samples": 10525
    },
    "h1": {
      "mean": [
        122.94058553731603,
        123.02756948244378,
        122.84895877032986,
        122.9415288227692,
        0.0005229138166894666,
        44.49313606619201
      ],
      "std": [
        17.593779283975756,
        17.61880198806711,
        17.56495375650089,
        17.59440730808206,
        0.14742016901124064,
        25.58908581191151
      ],
      "n_samples": 52632
    },
    "h4": {
      "mean": [
        122.94242085140789,
        123.12023498272136,
        122.75574612160878,
        122.94502242482275,
        0.002028821410190427,
        44.294599621942744
      ],
      "std": [
        17.59641843775904,
        17.6493746293272,
        17.53654083763344,
        17.597914527990078,
        0.29051297896882744,
        25.50865222068751
      ],
      "n_samples": 13601
    }
  }
}